<?xml version="1.0" encoding="UTF-8"?>
<project-private xmlns="http://www.netbeans.org/ns/project-private/1">
    <data xmlns="http://www.netbeans.org/ns/make-project-private/1">
        <activeConfTypeElem>1</activeConfTypeElem>
        <activeConfIndexElem>0</activeConfIndexElem>
    </data>
    <editor-bookmarks xmlns="http://www.netbeans.org/ns/editor-bookmarks/2" lastBookmarkId="0"/>
    <open-files xmlns="http://www.netbeans.org/ns/projectui-open-files/2">
        <group>
            <file>file:/F:/Stephan/College/CSC-CIS%205/Netbeans%20Assignments/NetBeans%20Version%2012.0/Week%204%207-12%20and%207-14/Assignment%203/Savitch_9thEd_Chap3_PracProb1_RockPaperScissors/main.cpp</file>
        </group>
    </open-files>
</project-private>
